id	cpp_scope	cpp_refs	rust_refs	status	csharp_contamination	dependencies	tests	next_action
CREATURE-P0.001	Creature canonical file inventory	Creature.cpp; Creature.h; CreatureData.h; CreatureGroups.*; GossipDef.*; TemporarySummon.*; Trainer.*; enuminfo_CreatureData.cpp	docs/migration/creature-port-no-gaps-plan.md	represented	no	none	none	Keep this TSV updated for every Creature slice.
CREATURE-P0.002	Movement canonical file inventory	MotionMaster.*; MovementGenerator.*; MovementDefines.h; MovementGenerators/{Random,Waypoint,Home,Formation,Chase,Follow,Fleeing,Confused,Idle,Point,Generic,SplineChain}*.	docs/migration/creature-port-no-gaps-plan.md	represented	no	none	none	Expand rows per symbol before implementing each movement generator.
CREATURE-P1.001	PendingRespawn doc comment	Map.cpp:2187-2225; Creature.cpp:2942-2968	crates/wow-world/src/map_manager.rs:3035	fixed	yes - removed C# reference	none	diff-check	Comment now cites C++ Creature/Map respawn refs only.
CREATURE-P1.002	Trainer handler/module comment	Handlers/NPCHandler.cpp:98-132; Entities/Creature/Trainer.cpp:41-231; Server/Packets/NPCPackets.cpp:163-252	crates/wow-world/src/handlers/trainer.rs:6	needs-code-audit	yes - removed C# reference	trainer store, conditions, spells	diff-check	Protocol/handler comments now cite C++; behavior still needs full Trainer.cpp audit.
CREATURE-P1.003	Trainer packet comments	Server/Packets/NPCPackets.cpp:163-252; Server/Packets/NPCPackets.h:189-266	crates/wow-packet/src/packets/trainer.rs	needs-code-audit	yes - removed C# reference	NPC packet layout	diff-check	Packet comments now cite C++; verify full write/read byte order with tests.
CREATURE-P1.004	QueryCreature packet comments	CreatureData.h:442; Creature.cpp:174-220; Server/Packets/QueryPackets.cpp:63-130	crates/wow-packet/src/packets/query.rs	needs-code-audit	yes - removed C# reference	creature template/query data	diff-check	Comments now cite C++; add golden QueryCreatureResponse tests.
CREATURE-P1.005	Vendor/NPC interaction packet comments	Server/Packets/NPCPackets.cpp:96-160; Server/Packets/ItemPackets.cpp:26-52,130-135,238-247; Handlers/ItemHandler.cpp:567-694	crates/wow-packet/src/packets/misc.rs	needs-code-audit	yes - removed C# reference	item/vendor/trader systems	diff-check	Comments now cite C++; audit VendorInventory/Buy/Sell byte order and conditions.
CREATURE-P1.006	NPC service handler comments	Handlers/AuctionHouseHandler.cpp:192-205,995-1007; Handlers/BankHandler.cpp:60-65,288+; Handlers/NPCHandler.cpp:49-91,373-381; Handlers/ItemHandler.cpp:530-694; Entities/Player/Player.cpp:22362+	crates/wow-world/src/handlers/character.rs	needs-code-audit	yes - removed C# reference	auction, bank, binder, tabard, vendor, player inventory	diff-check	Comments now cite C++; behavior still partial and must be audited before closure.
CREATURE-P1.007	UpdateObject UnitData C# comments	Entities/Object/Object.cpp:131-186,286-431; Entities/Object/Updates/UpdateFields.cpp:650-900	crates/wow-packet/src/packets/update.rs	needs-code-audit	yes - partially removed; remaining C# refs outside Creature path tracked separately	update fields, object visibility, movement create block	diff-check	Creature-affecting UnitData comment now cites C++; full update.rs C# cleanup remains blocking for P7.
CREATURE-P1.008	Legacy world-entry docs claim C# reference	Server/Packets/QueryPackets.cpp; Object.cpp; UpdateFields.cpp; MovementPackets.cpp	docs/world-entry-implementation.md; docs/phase4-analysis-and-fixes.md	contaminated-doc	yes - not fixed in this slice	update object, login sequence, crypto, compression	none	Do not use these docs for Creature decisions until rewritten or marked obsolete against C++.
CREATURE-P2.001	Creature::InitEntry	Creature.cpp:491-575	crates/wow-entities/src/creature.rs; crates/wow-entities/src/unit.rs; crates/wow-world/src/entity_update_bridge.rs; crates/world-server/src/creature_loaded_grid.rs	partial	no	template/difficulty/model/equipment/static flags/speed and haste fields	wow-entities focused; world-server loaded-grid equipment test; lifecycle speed/haste/dual-wield/static-flag/equipment assertions	Walk/run/swim/flight speed-rate, ModCastingSpeed/ModSpellHaste/ModHaste/ModRangedHaste/ModHasteRegen/ModTimeRate, USE_OFFHAND_ATTACK dual-wield, ApplyAllStaticFlags/SESSILE root state, NO_XP, TREAT_AS_RAID_UNIT_FOR_HELPFUL_SPELLS, and selected equipment virtual items now flow through loaded-grid lifecycle from CreatureEquipmentStore. Remaining equipment audit: CreatureData equipment_id=-1 random selection/invalid positive validation belongs to CREATURE-P2.004 LoadFromDB/spawn-store validation.
CREATURE-P2.002	Creature::UpdateEntry	Creature.cpp:577-685	crates/wow-entities/src/creature.rs; crates/world-server/src/creature_loaded_grid.rs	partial	no	stats, flags, addon, sparring, immunities	existing lifecycle tests; needs negative tests	Audit faction/npc flags/unit flags/stats/addon order exactly.
CREATURE-P2.003	Creature::Create	Creature.cpp:1062+	crates/world-server/src/creature_loaded_grid.rs; crates/world-server/src/main.rs	partial	no	phasing, terrain status, map binding, prototype create	login grid mirror test	Port and test full pre-CreateFromProto order.
CREATURE-P2.004	Creature::LoadFromDB	Creature.cpp:1815-1923	crates/world-server/src/creature_loaded_grid.rs; crates/world-server/src/spawn_store_loader.rs	partial	no	spawn groups, respawn times, duplicate handling, pools	loaded-grid resolver tests	Implement duplicate/dead/respawn/spawn-group rules without shortcuts.
CREATURE-P2.005	Creature::LoadCreaturesAddon	Creature.cpp:2734-2797	crates/world-server/src/creature_loaded_grid.rs; crates/wow-entities/src/creature.rs	partial	no	addon store, auras, movement path, visibility distance	addon lifecycle tests	Verify mount/stand/vis/hover/sheath/kits/path/auras order.
CREATURE-P3.001	Map-owned Creature tick	Map.cpp:717-760; Creature.cpp:696+	crates/wow-world/src/session.rs; crates/wow-world/src/map_manager.rs; crates/world-server/src/main.rs	partial	no	runtime tick owner, fanout, canonical sync	runtime owner tests; needs real client	Finish production flip only after real-client proof.
CREATURE-P4.001	MotionMaster initialization	Creature.cpp:1026-1060; MotionMaster.cpp:97-130,1207-1214	crates/wow-world/src/session.rs; crates/wow-world/src/map_manager.rs	partial	no	movement generator model	step_creature_movement tests	Replace flat movement approximations with generator state.
CREATURE-P4.002	RandomMovementGenerator	RandomMovementGenerator.cpp:77-222+	crates/wow-world/src/session.rs	partial	no	pathfinding, LOS, timers, formation, movement template	random movement tests	Port reference position, wander steps, retry timers, path validation.
CREATURE-P4.003	WaypointMovementGenerator	WaypointMovementGenerator.cpp:120-455+	crates/wow-world/src/session.rs	partial	no	waypoint DB paths, AI hooks, home position	waypoint movement tests	Port DB path load, delays, AI hooks, current waypoint info, backward flags.
CREATURE-P5.001	AI creation/update	Creature.cpp:1026-1043; Creature.cpp:696+; game/AI/*	crates/wow-ai/src/lib.rs; crates/wow-world/src/session.rs	partial	no	AI selector, ScriptMgr, SmartAI	aggro/AI tests	Port SelectAI/InitializeAI/JustAppeared/MoveInLineOfSight hooks.
CREATURE-P6.001	Combat/threat/death/respawn	Creature.cpp:696+; Creature.cpp:2193+; Creature.cpp:2296+; Creature.cpp:2942+	crates/wow-world/src/session.rs; crates/wow-world/src/map_manager.rs	partial	no	Unit combat, ThreatManager, Loot, Conditions	melee/death/respawn tests	Move creature-owned melee to map owner and port state transitions.
CREATURE-P7.001	Creature create/update packets	Object.cpp:131-186,286-431; UpdateFields.cpp:650-900; MovementPackets.cpp:364+	crates/wow-packet/src/packets/update.rs; crates/wow-world/src/session.rs	partial	yes - C# contamination remains in surrounding update packet docs	UpdateField masks, movement create block, visibility	needs golden tests and real client	Highest-risk crash path; compare C++ and Rust logs before changing behavior.
CREATURE-P8.001	Gossip/quest/vendor/trainer NPC interactions	GossipDef.*; Trainer.*; Handlers/NPCHandler.cpp; Handlers/ItemHandler.cpp; Handlers/QuestHandler.cpp	crates/wow-world/src/handlers/{character,quest,trainer}.rs; crates/wow-packet/src/packets/{misc,quest,trainer}.rs	partial	yes - C# refs remain in quest/other packet comments	Conditions, Globals, Item, Quest, Trainer stores	needs real client	Port services one by one, replacing every C# claim with C++ refs.
CREATURE-P9.001	Formations, summons, pets, vehicles	CreatureGroups.*; TemporarySummon.*; Vehicle/Pet dependencies	crates/wow-world; crates/wow-entities; crates/wow-ai	missing	no	vehicles, pets, summons, formation movement	none	Do not close Creature until these paths are inventoried and scoped.
CREATURE-P10.001	Conditions/pools/events/phasing/scripts integration	Conditions; Pools; Events; Phasing; Scripting; ObjectMgr loaders	crates/wow-world; crates/world-server; crates/wow-data; crates/wow-loot	partial	no	global stores, DB loaders, condition evaluator	none	Implement dependencies when hit; no default-true Creature behavior.
CREATURE-P11.001	C++ vs Rust runtime diff harness	Object.cpp; QueryPackets.cpp; NPCPackets.cpp; MovementPackets.cpp; Map.cpp	logging/harness not yet created	missing	no	C++ server logging, Rust logging, client test	none	Add opt-in structured logs for Creature world entry and packet diffs.
